<?xml version="1.0" encoding="UTF-8"?>
<project-private xmlns="http://www.netbeans.org/ns/project-private/1">
    <editor-bookmarks xmlns="http://www.netbeans.org/ns/editor-bookmarks/2" lastBookmarkId="0"/>
    <open-files xmlns="http://www.netbeans.org/ns/projectui-open-files/2">
        <group>
            <file>file:/C:/Users/91905/Documents/NetBeansProjects/kanoon/src/kanoon_ke_haath/show_police_station_verification.java</file>
            <file>file:/C:/Users/91905/Documents/NetBeansProjects/kanoon/src/kanoon_ke_haath/admin_page.java</file>
            <file>file:/C:/Users/91905/Documents/NetBeansProjects/kanoon/src/kanoon_ke_haath/test_police_officer_data.java</file>
            <file>file:/C:/Users/91905/Documents/NetBeansProjects/kanoon/src/kanoon_ke_haath/register_application.java</file>
            <file>file:/C:/Users/91905/Documents/NetBeansProjects/kanoon/src/kanoon_ke_haath/about.java</file>
            <file>file:/C:/Users/91905/Documents/NetBeansProjects/kanoon/src/kanoon_ke_haath/send_email.java</file>
            <file>file:/C:/Users/91905/Documents/NetBeansProjects/kanoon/src/kanoon_ke_haath/complaint.java</file>
            <file>file:/C:/Users/91905/Documents/NetBeansProjects/kanoon/src/kanoon_ke_haath/police_officer_panel.java</file>
            <file>file:/C:/Users/91905/Documents/NetBeansProjects/kanoon/src/kanoon_ke_haath/update_status.java</file>
            <file>file:/C:/Users/91905/Documents/NetBeansProjects/kanoon/src/kanoon_ke_haath/police_login.java</file>
            <file>file:/C:/Users/91905/Documents/NetBeansProjects/kanoon/src/kanoon_ke_haath/police_application.java</file>
            <file>file:/C:/Users/91905/Documents/NetBeansProjects/kanoon/src/kanoon_ke_haath/police_station.java</file>
            <file>file:/C:/Users/91905/Documents/NetBeansProjects/kanoon/src/kanoon_ke_haath/admin_login.java</file>
            <file>file:/C:/Users/91905/Documents/NetBeansProjects/kanoon/src/kanoon_ke_haath/mainpage.java</file>
        </group>
    </open-files>
</project-private>
